method,mae,rmse,r2,quality_pct
Model,3.259367399245665,6.2888518956392465,0.08719528848782214,81.16970990643142
Persistence,4.662203314212874,8.709623154399775,-0.2957235790316749,78.29987389330375
Moving Average,6.81668607393244,9.487997325874725,0.045752892035503256,70.13245669635626
