metric,threshold,actual_spikes,predicted_spikes,precision,recall,f1,threshold_source
traffic_mbps,78.94441986083984,120,134,0.8283582089552238,0.925,0.8740157480314962,training_metrics
latency_ms,9.522259712219238,121,122,0.8524590163934426,0.859504132231405,0.8559670781893004,training_metrics
packet_loss_pct,0.32725998759269714,118,117,0.8717948717948718,0.864406779661017,0.8680851063829789,training_metrics
