metric,threshold,actual_spikes,predicted_spikes,precision,recall,f1,threshold_source
traffic_mbps,85.21173858642578,75,66,0.9090909090909091,0.8,0.8510638297872342,training_metrics
latency_ms,4.833000183105469,72,93,0.5268817204301075,0.6805555555555556,0.593939393939394,training_metrics
packet_loss_pct,0.171999990940094,73,97,0.5154639175257731,0.684931506849315,0.588235294117647,training_metrics
