method,mae,rmse,r2,quality_pct
Model,3.454063379889677,5.305357907692956,0.8040325158070768,89.83385536101478
Persistence,3.8811175898931,6.1053723186087225,0.7613293758418505,88.01048388654957
Moving Average,7.30812921930677,9.706162565370912,0.5777967618869185,79.66372592066489
Seasonal Naive,7.6729630709426635,11.668826175059046,-0.36153121880234024,67.51325692274527
Linear Regression,3.8429216805695745,5.718352945480137,0.8025257695218544,88.65507917354014
