metric,unit,model_mae,baseline_mae,mae_improvement_pct,model_rmse,baseline_rmse,model_r2,quality_pct
traffic_mbps,Mbps,9.965283521852049,10.126212827988338,1.5892348785272283,15.446535080031085,16.090060598069936,0.7877912469162562,88.7225469047357
latency_ms,ms,1.4659157194059238,1.4357142857142857,-2.1035824461837467,2.102906911681009,2.1183437366463735,0.8079188501884315,89.52385736412936
packet_loss_pct,%,0.07248672974233371,0.08142565597667639,10.978021763684843,0.09737113802973113,0.10771262110985734,0.7623249785477949,89.10823746202625
