metric,threshold,actual_spikes,predicted_spikes,precision,recall,f1,threshold_source
traffic_mbps,78.94441986083984,120,130,0.8153846153846154,0.8833333333333333,0.848,training_metrics
latency_ms,9.522259712219238,121,113,0.8849557522123894,0.8264462809917356,0.8547008547008548,training_metrics
packet_loss_pct,0.32725998759269714,118,122,0.860655737704918,0.8898305084745762,0.8750000000000001,training_metrics
