metric,unit,model_mae,baseline_mae,mae_improvement_pct,model_rmse,baseline_rmse,model_r2,quality_pct
traffic_mbps,Mbps,8.400845575047038,12.521618075801747,32.909265206851956,16.537549922868738,23.911960991229144,0.7582816252994977,89.88590523669271
latency_ms,ms,1.0069669557480387,1.3869475218658893,27.39689570998727,2.3186784867364643,3.2329174095043602,0.118642052182653,78.36196399297897
packet_loss_pct,%,0.3526361516002259,0.41646647230320705,15.326640905803748,0.8556352005299389,1.0560109384096437,-0.16850871767233278,76.45351840564123
