metric,unit,model_mae,baseline_mae,mae_improvement_pct,model_rmse,baseline_rmse,model_r2,quality_pct
traffic_mbps,Mbps,8.917650494312879,10.126212827988338,11.934988472048055,13.772564882373517,16.090060598069936,0.8312938955367095,90.40042358307218
latency_ms,ms,1.3722825463624388,1.4357142857142857,4.418131099133613,2.0462076929424082,2.1183437366463735,0.8181371150493453,89.7326825026615
packet_loss_pct,%,0.07225709899371444,0.08142565597667639,11.260034534555304,0.09730114776294223,0.10771262110985734,0.7626665368351757,88.80189177525331
